,0
Butter,방탄소년단
Dun Dun Dance,오마이걸 (OH MY GIRL)
헤픈 우연,헤이즈 (Heize)
Peaches (Feat. Daniel Caesar & Giveon),Justin Bieber
롤린 (Rollin'),브레이브걸스
Next Level,aespa
라일락,아이유
상상더하기,라붐 (LABOUM)
운전만해 (We Ride),브레이브걸스
Celebrity,아이유
Dynamite,방탄소년단
Timeless,SG 워너비
ASAP,STAYC(스테이씨)
마.피.아. In the morning,ITZY (있지)
라라라,SG 워너비
내 손을 잡아,아이유
멜로디,ASH ISLAND
밝게 빛나는 별이 되어 비춰줄게,송이한
"사이렌 Remix (Feat. UNEDUCATED KID, Paul Blanco)",호미들
내사람,SG 워너비
체념,"정상동기 (김정수, 정기석, 이동휘, 이상이)"
"LOVE DAY (2021) (바른연애 길잡이 X 양요섭, 정은지)",양요섭
Coin,아이유
밤하늘의 별을(2020),경서
On The Ground,로제 (ROSÉ)
Savage Love (Laxed - Siren Beat) (BTS Remix),Jawsh 685
잠이 오질 않네요,장범준
Lovesick Girls,BLACKPINK
취기를 빌려 (취향저격 그녀 X 산들),산들
Blueming,아이유
에잇(Prod.&Feat. SUGA of BTS),아이유
어푸 (Ah puh),아이유
만약에,"M.O.M (별루지, 강창모, 박재정, 원슈타인)"
그냥 안아달란 말야,다비치
작은 것들을 위한 시 (Boy With Luv) (Feat. Halsey),방탄소년단
VVS (Feat. JUSTHIS) (Prod. GroovyRoom),미란이 (Mirani)
나랑 같이 걸을래 (바른연애 길잡이 X 적재),적재
12:45 (Stripped),Etham
Life Goes On,방탄소년단
Dolphin,오마이걸 (OH MY GIRL)
"어떻게 이별까지 사랑하겠어, 널 사랑하는 거지",AKMU (악동뮤지션)
봄날,방탄소년단
그날에 나는 맘이 편했을까,이예준
추억은 만남보다 이별에 남아,정동하
흔들리는 꽃들 속에서 네 샴푸향이 느껴진거야,장범준
살다가,SG 워너비
오래된 노래,스탠딩 에그
이 밤을 빌려 말해요 (바른연애 길잡이 X 10CM),10CM
"모든 날, 모든 순간 (Every day, Every Moment)",폴킴
2002,Anne-Marie
METEOR,창모 (CHANGMO)
"친구, 그 오랜시간",정승환
처음처럼 (Feat. 개리),헤이즈 (Heize)
살짝 설렜어 (Nonstop),오마이걸 (OH MY GIRL)
너의 번호를 누르고 (Prod. 영화처럼),#안녕
힘든 건 사랑이 아니다,임창정
Off My Face,Justin Bieber
아로하,조정석
사실 나는 (Feat.전건호),경서예지
어떻게 지내 (Prod. By VAN.C),오반 (OVAN)
오늘도 빛나는 너에게 (To You My Light) (Feat.이라온),마크툽 (MAKTUB)
맛 (Hot Sauce),NCT DREAM
I Love U,성시경
이렇게 좋아해 본 적이 없어요,CHEEZE (치즈)
Memories,Maroon 5
늦은 밤 너의 집 앞 골목길에서,노을
How You Like That,BLACKPINK
너의 발걸음에 빛을 비춰줄게 (Prod. 조영수),케이시 (Kassy)
이제 나만 믿어요,임영웅
아이와 나의 바다,아이유
봄 안녕 봄,아이유
Dance Monkey,Tones And I
마음을 드려요,아이유
서울의 잠 못 이루는 밤 (Feat. 이수현),10CM
Love poem,아이유
If You Love Me (Feat. 주헌 (몬스타엑스)),NS 윤지
내 마음이 움찔했던 순간 (취향저격 그녀 X 규현),규현 (KYUHYUN)
기다릴게,하동균
감기 (Feat. 창모),헤이즈 (Heize)
고백 (바른연애 길잡이 X 허각),허각
너를 만나,폴킴
Paris In The Rain,Lauv
When We Disco (Duet with 선미),박진영
함께 했는데 이별은 나 혼자인 거야,소정 (레이디스 코드)
Je T′aime,조이 (JOY)
우린 어쩌다 헤어진 걸까,허각
우리 왜 헤어져야 해,신예영
시작,가호 (Gaho)
Don't Start Now,Dua Lipa
Flu,아이유
거짓말이라도 해서 널 보고싶어,백지영
Maniac,Conan Gray
안녕,폴킴
혼술하고 싶은 밤,벤
Downtown Baby,블루 (BLOO)
서면역에서,순순희
"내일이 오면 (Feat. 기리보이, BIG Naughty (서동현))",릴보이 (lIlBOI)
죄와벌,SG 워너비
되풀이,임창정
